timeStamp,elapsed,label,responseCode,responseMessage,threadName,dataType,success,failureMessage,bytes,sentBytes,grpThreads,allThreads,URL,Latency,Encoding,Hostname,IdleTime,Connect
1610127059764,1674,jmeter_view_page,200,,Confluence 1-1,,false,,21457,561,1,1,null,0,UTF-8,vitek-mac-2020.local,0,0
1610127059765,1673,100 /pages/viewpage.action?pageId=<page_id>,200,,Confluence 1-1,text,false,Test failed: text expected to contain /Save for later/,21457,561,1,1,http://ec2-18-156-200-53.eu-central-1.compute.amazonaws.com:8090/pages/viewpage.action?pageId=65544,1461,UTF-8,vitek-mac-2020.local,0,53
1610127117355,654,jmeter_view_page,200,,Confluence 1-2,,false,,19417,561,1,1,null,0,UTF-8,vitek-mac-2020.local,0,0
1610127117355,654,100 /pages/viewpage.action?pageId=<page_id>,200,,Confluence 1-2,text,false,Test failed: text expected to contain /Save for later/,19417,561,1,1,http://ec2-18-156-200-53.eu-central-1.compute.amazonaws.com:8090/pages/viewpage.action?pageId=65545,597,UTF-8,vitek-mac-2020.local,0,75
1610127430911,788,jmeter_view_page,200,,Confluence 1-1,,false,,21456,561,1,1,null,0,UTF-8,vitek-mac-2020.local,0,0
1610127430912,787,100 /pages/viewpage.action?pageId=<page_id>,200,,Confluence 1-1,text,false,Test failed: text expected to contain /Save for later/,21456,561,1,1,http://ec2-18-156-200-53.eu-central-1.compute.amazonaws.com:8090/pages/viewpage.action?pageId=65544,660,UTF-8,vitek-mac-2020.local,0,92
1610127487630,757,jmeter_view_page,200,,Confluence 1-2,,false,,19421,561,1,1,null,0,UTF-8,vitek-mac-2020.local,0,0
1610127487631,756,100 /pages/viewpage.action?pageId=<page_id>,200,,Confluence 1-2,text,false,Test failed: text expected to contain /Save for later/,19421,561,1,1,http://ec2-18-156-200-53.eu-central-1.compute.amazonaws.com:8090/pages/viewpage.action?pageId=65545,685,UTF-8,vitek-mac-2020.local,0,69
1610127620782,731,jmeter_view_page,200,,Confluence 1-3,,false,,19285,561,1,1,null,0,UTF-8,vitek-mac-2020.local,0,0
1610127620783,730,100 /pages/viewpage.action?pageId=<page_id>,200,,Confluence 1-3,text,false,Test failed: text expected to contain /Save for later/,19285,561,1,1,http://ec2-18-156-200-53.eu-central-1.compute.amazonaws.com:8090/pages/viewpage.action?pageId=65547,669,UTF-8,vitek-mac-2020.local,0,41
1610127950120,1213,jmeter_view_page,200,,Confluence 1-1,,false,,21459,561,1,1,null,0,UTF-8,vitek-mac-2020.local,0,0
1610127950120,1213,100 /pages/viewpage.action?pageId=<page_id>,200,,Confluence 1-1,text,false,Test failed: text expected to contain /Save for later/,21459,561,1,1,http://ec2-18-156-200-53.eu-central-1.compute.amazonaws.com:8090/pages/viewpage.action?pageId=65544,997,UTF-8,vitek-mac-2020.local,0,64
1610128009082,650,jmeter_view_page,200,,Confluence 1-2,,false,,19421,561,1,1,null,0,UTF-8,vitek-mac-2020.local,0,0
1610128009082,650,100 /pages/viewpage.action?pageId=<page_id>,200,,Confluence 1-2,text,false,Test failed: text expected to contain /Save for later/,19421,561,1,1,http://ec2-18-156-200-53.eu-central-1.compute.amazonaws.com:8090/pages/viewpage.action?pageId=65545,564,UTF-8,vitek-mac-2020.local,0,63
1610128147473,669,jmeter_view_page,200,,Confluence 1-3,,false,,19284,561,1,1,null,0,UTF-8,vitek-mac-2020.local,0,0
1610128147473,669,100 /pages/viewpage.action?pageId=<page_id>,200,,Confluence 1-3,text,false,Test failed: text expected to contain /Save for later/,19284,561,1,1,http://ec2-18-156-200-53.eu-central-1.compute.amazonaws.com:8090/pages/viewpage.action?pageId=65547,600,UTF-8,vitek-mac-2020.local,0,50
1610128398054,912,jmeter_view_page,200,,Confluence 1-1,,false,,21458,561,1,1,null,0,UTF-8,vitek-mac-2020.local,0,0
1610128398054,912,100 /pages/viewpage.action?pageId=<page_id>,200,,Confluence 1-1,text,false,Test failed: text expected to contain /Save for later/,21458,561,1,1,http://ec2-18-156-200-53.eu-central-1.compute.amazonaws.com:8090/pages/viewpage.action?pageId=65544,674,UTF-8,vitek-mac-2020.local,0,41
1610128457572,774,jmeter_view_page,200,,Confluence 1-2,,false,,19416,561,1,1,null,0,UTF-8,vitek-mac-2020.local,0,0
1610128457572,774,100 /pages/viewpage.action?pageId=<page_id>,200,,Confluence 1-2,text,false,Test failed: text expected to contain /Save for later/,19416,561,1,1,http://ec2-18-156-200-53.eu-central-1.compute.amazonaws.com:8090/pages/viewpage.action?pageId=65545,665,UTF-8,vitek-mac-2020.local,0,99
1610128598686,725,jmeter_view_page,200,,Confluence 1-3,,false,,19283,561,1,1,null,0,UTF-8,vitek-mac-2020.local,0,0
1610128598687,724,100 /pages/viewpage.action?pageId=<page_id>,200,,Confluence 1-3,text,false,Test failed: text expected to contain /Save for later/,19283,561,1,1,http://ec2-18-156-200-53.eu-central-1.compute.amazonaws.com:8090/pages/viewpage.action?pageId=65547,670,UTF-8,vitek-mac-2020.local,0,47
1610129519093,1194,jmeter_view_page,200,,Confluence 1-1,,false,,21458,561,4,4,null,0,UTF-8,vitek-mac-2020.local,0,0
1610129519093,1194,100 /pages/viewpage.action?pageId=<page_id>,200,,Confluence 1-1,text,false,Test failed: text expected to contain /Save for later/,21458,561,4,4,http://ec2-18-156-200-53.eu-central-1.compute.amazonaws.com:8090/pages/viewpage.action?pageId=65544,1119,UTF-8,vitek-mac-2020.local,0,72
1610129557875,685,jmeter_view_page,200,,Confluence 1-6,,false,,19419,561,5,5,null,0,UTF-8,vitek-mac-2020.local,0,0
1610129557876,684,100 /pages/viewpage.action?pageId=<page_id>,200,,Confluence 1-6,text,false,Test failed: text expected to contain /Save for later/,19419,561,5,5,http://ec2-18-156-200-53.eu-central-1.compute.amazonaws.com:8090/pages/viewpage.action?pageId=65545,607,UTF-8,vitek-mac-2020.local,0,55
1610129631938,557,jmeter_view_page,200,,Confluence 1-7,,false,,19292,561,5,5,null,0,UTF-8,vitek-mac-2020.local,0,0
1610129631938,557,100 /pages/viewpage.action?pageId=<page_id>,200,,Confluence 1-7,text,false,Test failed: text expected to contain /Save for later/,19292,561,5,5,http://ec2-18-156-200-53.eu-central-1.compute.amazonaws.com:8090/pages/viewpage.action?pageId=65547,486,UTF-8,vitek-mac-2020.local,0,71
1610129666309,984,jmeter_view_page,200,,Confluence 1-5,,false,,24593,561,5,5,null,0,UTF-8,vitek-mac-2020.local,0,0
1610129666309,984,100 /pages/viewpage.action?pageId=<page_id>,200,,Confluence 1-5,text,false,Test failed: text expected to contain /Save for later/,24593,561,5,5,http://ec2-18-156-200-53.eu-central-1.compute.amazonaws.com:8090/pages/viewpage.action?pageId=65548,859,UTF-8,vitek-mac-2020.local,0,76
1610129740208,1091,jmeter_view_page,200,,Confluence 1-2,,false,,21976,561,5,5,null,0,UTF-8,vitek-mac-2020.local,0,0
1610129740208,1091,100 /pages/viewpage.action?pageId=<page_id>,200,,Confluence 1-2,text,false,Test failed: text expected to contain /Save for later/,21976,561,5,5,http://ec2-18-156-200-53.eu-central-1.compute.amazonaws.com:8090/pages/viewpage.action?pageId=65546,792,UTF-8,vitek-mac-2020.local,0,226
1610129773784,866,jmeter_view_page,200,,Confluence 1-8,,false,,20202,561,5,5,null,0,UTF-8,vitek-mac-2020.local,0,0
1610129773784,866,100 /pages/viewpage.action?pageId=<page_id>,200,,Confluence 1-8,text,false,Test failed: text expected to contain /Save for later/,20202,561,5,5,http://ec2-18-156-200-53.eu-central-1.compute.amazonaws.com:8090/pages/viewpage.action?pageId=65541,771,UTF-8,vitek-mac-2020.local,0,73
1610129924938,840,jmeter_view_page,200,,Confluence 1-11,,false,,20560,563,5,5,null,0,UTF-8,vitek-mac-2020.local,0,0
1610129924938,840,100 /pages/viewpage.action?pageId=<page_id>,200,,Confluence 1-11,text,false,Test failed: text expected to contain /Save for later/,20560,563,5,5,http://ec2-18-156-200-53.eu-central-1.compute.amazonaws.com:8090/pages/viewpage.action?pageId=2752524,710,UTF-8,vitek-mac-2020.local,0,41
1610130036926,672,jmeter_view_page,200,,Confluence 1-4,,false,,19500,561,5,5,null,0,UTF-8,vitek-mac-2020.local,0,0
1610130036926,672,100 /pages/viewpage.action?pageId=<page_id>,200,,Confluence 1-4,text,false,Test failed: text expected to contain /Save for later/,19500,561,5,5,http://ec2-18-156-200-53.eu-central-1.compute.amazonaws.com:8090/pages/viewpage.action?pageId=65545,531,UTF-8,vitek-mac-2020.local,0,70
1610130877591,851,jmeter_view_page,200,,Confluence 1-1,,false,,21564,561,4,4,null,0,UTF-8,vitek-mac-2020.local,0,0
1610130877592,850,100 /pages/viewpage.action?pageId=<page_id>,200,,Confluence 1-1,text,false,Test failed: text expected to contain /Save for later/,21564,561,4,4,http://ec2-18-156-200-53.eu-central-1.compute.amazonaws.com:8090/pages/viewpage.action?pageId=65544,759,UTF-8,vitek-mac-2020.local,0,41
1610130915724,713,jmeter_view_page,200,,Confluence 1-2,,false,,19432,561,5,5,null,0,UTF-8,vitek-mac-2020.local,0,0
1610130915724,713,100 /pages/viewpage.action?pageId=<page_id>,200,,Confluence 1-2,text,false,Test failed: text expected to contain /Save for later/,19432,561,5,5,http://ec2-18-156-200-53.eu-central-1.compute.amazonaws.com:8090/pages/viewpage.action?pageId=65545,638,UTF-8,vitek-mac-2020.local,0,81
1610130988273,641,jmeter_view_page,200,,Confluence 1-6,,false,,19399,561,5,5,null,0,UTF-8,vitek-mac-2020.local,0,0
1610130988273,641,100 /pages/viewpage.action?pageId=<page_id>,200,,Confluence 1-6,text,false,Test failed: text expected to contain /Save for later/,19399,561,5,5,http://ec2-18-156-200-53.eu-central-1.compute.amazonaws.com:8090/pages/viewpage.action?pageId=65547,504,UTF-8,vitek-mac-2020.local,0,45
1610131023992,1014,jmeter_view_page,200,,Confluence 1-5,,false,,24592,561,5,5,null,0,UTF-8,vitek-mac-2020.local,0,0
1610131023993,1013,100 /pages/viewpage.action?pageId=<page_id>,200,,Confluence 1-5,text,false,Test failed: text expected to contain /Save for later/,24592,561,5,5,http://ec2-18-156-200-53.eu-central-1.compute.amazonaws.com:8090/pages/viewpage.action?pageId=65548,886,UTF-8,vitek-mac-2020.local,0,66
1610131055149,754,jmeter_view_page,200,,Confluence 1-4,,false,,21820,561,5,5,null,0,UTF-8,vitek-mac-2020.local,0,0
1610131055149,754,100 /pages/viewpage.action?pageId=<page_id>,200,,Confluence 1-4,text,false,Test failed: text expected to contain /Save for later/,21820,561,5,5,http://ec2-18-156-200-53.eu-central-1.compute.amazonaws.com:8090/pages/viewpage.action?pageId=65543,671,UTF-8,vitek-mac-2020.local,0,69
1610131170192,1330,jmeter_view_page,200,,Confluence 1-7,,false,,29349,563,5,5,null,0,UTF-8,vitek-mac-2020.local,0,0
1610131170193,1329,100 /pages/viewpage.action?pageId=<page_id>,200,,Confluence 1-7,text,false,Test failed: text expected to contain /Save for later/,29349,563,5,5,http://ec2-18-156-200-53.eu-central-1.compute.amazonaws.com:8090/pages/viewpage.action?pageId=2752514,1212,UTF-8,vitek-mac-2020.local,0,60
1610131397742,660,jmeter_view_page,200,,Confluence 1-3,,false,,19403,561,5,5,null,0,UTF-8,vitek-mac-2020.local,0,0
1610131397743,659,100 /pages/viewpage.action?pageId=<page_id>,200,,Confluence 1-3,text,false,Test failed: text expected to contain /Save for later/,19403,561,5,5,http://ec2-18-156-200-53.eu-central-1.compute.amazonaws.com:8090/pages/viewpage.action?pageId=65545,607,UTF-8,vitek-mac-2020.local,0,71
1610131869204,1341,jmeter_view_page,200,,Confluence 1-1,,false,,21670,561,4,4,null,0,UTF-8,vitek-mac-2020.local,0,0
1610131869204,1341,100 /pages/viewpage.action?pageId=<page_id>,200,,Confluence 1-1,text,false,Test failed: text expected to contain /Save for later/,21670,561,4,4,http://ec2-18-156-200-53.eu-central-1.compute.amazonaws.com:8090/pages/viewpage.action?pageId=65544,1128,UTF-8,vitek-mac-2020.local,0,68
1610131908007,909,jmeter_view_page,200,,Confluence 1-2,,false,,19435,561,5,5,null,0,UTF-8,vitek-mac-2020.local,0,0
1610131908007,909,100 /pages/viewpage.action?pageId=<page_id>,200,,Confluence 1-2,text,false,Test failed: text expected to contain /Save for later/,19435,561,5,5,http://ec2-18-156-200-53.eu-central-1.compute.amazonaws.com:8090/pages/viewpage.action?pageId=65545,821,UTF-8,vitek-mac-2020.local,0,75
1610131980888,755,jmeter_view_page,200,,Confluence 1-6,,false,,19494,561,5,5,null,0,UTF-8,vitek-mac-2020.local,0,0
1610131980888,755,100 /pages/viewpage.action?pageId=<page_id>,200,,Confluence 1-6,text,false,Test failed: text expected to contain /Save for later/,19494,561,5,5,http://ec2-18-156-200-53.eu-central-1.compute.amazonaws.com:8090/pages/viewpage.action?pageId=65547,645,UTF-8,vitek-mac-2020.local,0,71
1610132016089,851,jmeter_view_page,200,,Confluence 1-5,,false,,24584,561,5,5,null,0,UTF-8,vitek-mac-2020.local,0,0
1610132016089,851,100 /pages/viewpage.action?pageId=<page_id>,200,,Confluence 1-5,text,false,Test failed: text expected to contain /Save for later/,24584,561,5,5,http://ec2-18-156-200-53.eu-central-1.compute.amazonaws.com:8090/pages/viewpage.action?pageId=65548,772,UTF-8,vitek-mac-2020.local,0,45
1610132126459,813,jmeter_view_page,200,,Confluence 1-7,,false,,20341,561,5,5,null,0,UTF-8,vitek-mac-2020.local,0,0
1610132126459,813,100 /pages/viewpage.action?pageId=<page_id>,200,,Confluence 1-7,text,false,Test failed: text expected to contain /Save for later/,20341,561,5,5,http://ec2-18-156-200-53.eu-central-1.compute.amazonaws.com:8090/pages/viewpage.action?pageId=65541,706,UTF-8,vitek-mac-2020.local,0,59
1610132433042,2083,jmeter_view_page,200,,Confluence 1-9,,false,,29383,561,5,5,null,0,UTF-8,vitek-mac-2020.local,0,0
1610132433042,2083,100 /pages/viewpage.action?pageId=<page_id>,200,,Confluence 1-9,text,false,Test failed: text expected to contain /Save for later/,29383,561,5,5,http://ec2-18-156-200-53.eu-central-1.compute.amazonaws.com:8090/pages/viewpage.action?pageId=65540,1893,UTF-8,vitek-mac-2020.local,0,69
1610132669481,893,jmeter_view_page,200,,Confluence 1-1,,false,,21767,561,4,4,null,0,UTF-8,vitek-mac-2020.local,0,0
1610132669481,893,100 /pages/viewpage.action?pageId=<page_id>,200,,Confluence 1-1,text,false,Test failed: text expected to contain /Save for later/,21767,561,4,4,http://ec2-18-156-200-53.eu-central-1.compute.amazonaws.com:8090/pages/viewpage.action?pageId=65544,811,UTF-8,vitek-mac-2020.local,0,67
1610132707738,733,jmeter_view_page,200,,Confluence 1-2,,false,,19536,561,5,5,null,0,UTF-8,vitek-mac-2020.local,0,0
1610132707739,732,100 /pages/viewpage.action?pageId=<page_id>,200,,Confluence 1-2,text,false,Test failed: text expected to contain /Save for later/,19536,561,5,5,http://ec2-18-156-200-53.eu-central-1.compute.amazonaws.com:8090/pages/viewpage.action?pageId=65545,629,UTF-8,vitek-mac-2020.local,0,66
1610132740830,1124,jmeter_view_page,200,,Confluence 1-4,,false,,24346,561,5,5,null,0,UTF-8,vitek-mac-2020.local,0,0
1610132740831,1123,100 /pages/viewpage.action?pageId=<page_id>,200,,Confluence 1-4,text,false,Test failed: text expected to contain /Save for later/,24346,561,5,5,http://ec2-18-156-200-53.eu-central-1.compute.amazonaws.com:8090/pages/viewpage.action?pageId=65548,1042,UTF-8,vitek-mac-2020.local,0,65
1610132930345,834,jmeter_view_page,200,,Confluence 1-3,,false,,20311,561,5,5,null,0,UTF-8,vitek-mac-2020.local,0,0
1610132930345,834,100 /pages/viewpage.action?pageId=<page_id>,200,,Confluence 1-3,text,false,Test failed: text expected to contain /Save for later/,20311,561,5,5,http://ec2-18-156-200-53.eu-central-1.compute.amazonaws.com:8090/pages/viewpage.action?pageId=65541,698,UTF-8,vitek-mac-2020.local,0,45
1610133004343,848,jmeter_view_page,200,,Confluence 1-6,,false,,20857,563,5,5,null,0,UTF-8,vitek-mac-2020.local,0,0
1610133004343,848,100 /pages/viewpage.action?pageId=<page_id>,200,,Confluence 1-6,text,false,Test failed: text expected to contain /Save for later/,20857,563,5,5,http://ec2-18-156-200-53.eu-central-1.compute.amazonaws.com:8090/pages/viewpage.action?pageId=2752524,755,UTF-8,vitek-mac-2020.local,0,43
1610133154352,678,jmeter_view_page,200,,Confluence 1-9,,false,,21738,561,5,5,null,0,UTF-8,vitek-mac-2020.local,0,0
1610133154352,678,100 /pages/viewpage.action?pageId=<page_id>,200,,Confluence 1-9,text,false,Test failed: text expected to contain /Save for later/,21738,561,5,5,http://ec2-18-156-200-53.eu-central-1.compute.amazonaws.com:8090/pages/viewpage.action?pageId=65544,608,UTF-8,vitek-mac-2020.local,0,42
1610133189298,794,jmeter_view_page,200,,Confluence 1-8,,false,,19505,561,5,5,null,0,UTF-8,vitek-mac-2020.local,0,0
1610133189298,794,100 /pages/viewpage.action?pageId=<page_id>,200,,Confluence 1-8,text,false,Test failed: text expected to contain /Save for later/,19505,561,5,5,http://ec2-18-156-200-53.eu-central-1.compute.amazonaws.com:8090/pages/viewpage.action?pageId=65545,685,UTF-8,vitek-mac-2020.local,0,62
1610133222856,930,jmeter_view_page,200,,Confluence 1-10,,false,,24590,561,5,5,null,0,UTF-8,vitek-mac-2020.local,0,0
1610133222856,930,100 /pages/viewpage.action?pageId=<page_id>,200,,Confluence 1-10,text,false,Test failed: text expected to contain /Save for later/,24590,561,5,5,http://ec2-18-156-200-53.eu-central-1.compute.amazonaws.com:8090/pages/viewpage.action?pageId=65548,827,UTF-8,vitek-mac-2020.local,0,43
1610189386421,2514,jmeter_view_page,200,,Confluence 1-4,,false,,21980,561,5,5,null,0,UTF-8,vitek-mac-2020.local,0,0
1610189386421,2514,100 /pages/viewpage.action?pageId=<page_id>,200,,Confluence 1-4,text,false,Test failed: text expected to contain /Save for later/,21980,561,5,5,http://ec2-18-156-200-53.eu-central-1.compute.amazonaws.com:8090/pages/viewpage.action?pageId=65543,1915,UTF-8,vitek-mac-2020.local,0,531
1610189472367,1995,jmeter_view_page,200,,Confluence 1-2,,false,,20306,561,5,5,null,0,UTF-8,vitek-mac-2020.local,0,0
1610189472367,1995,100 /pages/viewpage.action?pageId=<page_id>,200,,Confluence 1-2,text,false,Test failed: text expected to contain /Save for later/,20306,561,5,5,http://ec2-18-156-200-53.eu-central-1.compute.amazonaws.com:8090/pages/viewpage.action?pageId=65541,1496,UTF-8,vitek-mac-2020.local,0,524
1610189517416,1788,jmeter_view_page,200,,Confluence 1-1,,false,,19472,561,5,5,null,0,UTF-8,vitek-mac-2020.local,0,0
1610189517416,1788,100 /pages/viewpage.action?pageId=<page_id>,200,,Confluence 1-1,text,false,Test failed: text expected to contain /Save for later/,19472,561,5,5,http://ec2-18-156-200-53.eu-central-1.compute.amazonaws.com:8090/pages/viewpage.action?pageId=65545,1320,UTF-8,vitek-mac-2020.local,0,345
1610189602954,2334,jmeter_view_page,200,,Confluence 1-5,,false,,22263,561,5,5,null,0,UTF-8,vitek-mac-2020.local,0,0
1610189602954,2334,100 /pages/viewpage.action?pageId=<page_id>,200,,Confluence 1-5,text,false,Test failed: text expected to contain /Save for later/,22263,561,5,5,http://ec2-18-156-200-53.eu-central-1.compute.amazonaws.com:8090/pages/viewpage.action?pageId=65546,1765,UTF-8,vitek-mac-2020.local,0,489
